outcome,model,design_type,estimand,n_obs,events,event_rate,term,estimate,std.error,statistic,p.value,p_formatted,effect,effect_low,effect_high
incident_chronic_lung_disease,svycox_cause_specific,public_psu,survey_HR,10997,1330,0.12094207511139402,resp_vulnerability_z,0.20245791962751286,0.057975617352669,3.492121841427746,4.791996044878559e-4,<0.001,1.2244085604695332,1.0928901594806704,1.3717538857367577
incident_chronic_lung_disease,svycox_cause_specific,public_psu,survey_HR,10997,1330,0.12094207511139402,age_decade,0.19570141564676305,0.04082064380249036,4.794177588027747,1.6334353071586344e-6,<0.001,1.2161637236579728,1.1226511134423627,1.317465582166869
incident_chronic_lung_disease,svycox_cause_specific,public_psu,survey_HR,10997,1330,0.12094207511139402,sexmale,0.02066585706733737,0.10037044072173754,0.20589584860577087,0.8368722683092511,0.837,1.020880874510432,0.8385674943959994,1.242831098159672
incident_chronic_lung_disease,svycox_cause_specific,public_psu,survey_HR,10997,1330,0.12094207511139402,smoke_everyes,0.46706466513195427,0.10506089306752897,4.445656718639767,8.762377462022891e-6,<0.001,1.5953045606615486,1.2984163307304564,1.960077504444037
incident_chronic_lung_disease,svycox_cause_specific,public_psu,survey_HR,10997,1330,0.12094207511139402,bmi_w1,-0.018723055433745233,0.017951959097243196,-1.04295332516775,0.2969699104848155,0.297,0.9814511321665653,0.9475184259854124,1.0165990427355158
incident_chronic_lung_disease,svycox_plus_frailty,public_psu,survey_HR,10993,1329,0.12089511507322842,resp_vulnerability_z,0.17060164644999232,0.05767056325349437,2.958210165212063,0.003094310771620238,0.003,1.1860182003467576,1.0592566012121363,1.3279494033307002
incident_chronic_lung_disease,svycox_plus_frailty,public_psu,survey_HR,10993,1329,0.12089511507322842,frailty_proxy_count_w1,0.18131271819146746,0.03716626667580797,4.878421601314248,1.069381533844766e-6,<0.001,1.1987900041249124,1.1145679438444858,1.2893762842602658
incident_chronic_lung_disease,svycox_plus_frailty,public_psu,survey_HR,10993,1329,0.12089511507322842,age_decade,0.1342025552934356,0.04546196534280568,2.9519743434205283,0.003157491650908276,0.003,1.143624443370256,1.0461294375154075,1.2502055869684534
incident_chronic_lung_disease,svycox_plus_frailty,public_psu,survey_HR,10993,1329,0.12089511507322842,sexmale,0.09155015045447971,0.10152780631687966,0.9017248946435564,0.36720302524094495,0.367,1.0958717337799688,0.898126501865858,1.3371555726314417
incident_chronic_lung_disease,svycox_plus_frailty,public_psu,survey_HR,10993,1329,0.12089511507322842,smoke_everyes,0.4524074661257768,0.10488170890256375,4.3135020477790675,1.6068865081367475e-5,<0.001,1.5720923924857184,1.2799734258697464,1.9308795327778734
incident_chronic_lung_disease,svycox_plus_frailty,public_psu,survey_HR,10993,1329,0.12089511507322842,bmi_w1,-0.01537379905603957,0.017639650832977364,-0.8715478101923775,0.3834551127750742,0.383,0.9847437745041158,0.9512793513834028,1.0193854202915182
incident_chronic_lung_disease,svycox_composite_disease_or_death,public_psu,survey_HR,10997,2229,0.20269164317541147,resp_vulnerability_z,0.23031173029087437,0.04492659381212244,5.1264008852754355,2.953334174191233e-7,<0.001,1.2589924148357379,1.1528712921816917,1.3748819242557024
incident_chronic_lung_disease,svycox_composite_disease_or_death,public_psu,survey_HR,10997,2229,0.20269164317541147,age_decade,0.5693462144347038,0.032662260367841804,17.431317000805723,4.773386081255454e-68,<0.001,1.7671113617876884,1.6575294060277728,1.8839379582667968
incident_chronic_lung_disease,svycox_composite_disease_or_death,public_psu,survey_HR,10997,2229,0.20269164317541147,sexmale,0.1260775416194157,0.09946865127743909,1.2675103160669063,0.20497287729952915,0.205,1.1343701257693668,0.9334377386681849,1.3785553432561983
incident_chronic_lung_disease,svycox_composite_disease_or_death,public_psu,survey_HR,10997,2229,0.20269164317541147,smoke_everyes,0.4203565273405108,0.08770614732432318,4.792782948110812,1.6448355049359203e-6,<0.001,1.522504273265509,1.2820398965715016,1.80807108133741
incident_chronic_lung_disease,svycox_composite_disease_or_death,public_psu,survey_HR,10997,2229,0.20269164317541147,bmi_w1,-0.0035861313614483905,0.01121478333729764,-0.3197682249929689,0.7491440366733203,0.749,0.9964202911280317,0.9747569640452294,1.01856507128848
incident_chronic_lung_disease,svycox_raw_pef_sensitivity,public_psu,survey_HR,10997,1330,0.12094207511139402,pef_per_100_l_min,-0.18688283722935453,0.05469226945359076,-3.416988161150167,6.331803302564366e-4,<0.001,0.8295409220048104,0.7452171061850658,0.9234062604967901
incident_chronic_lung_disease,svycox_raw_pef_sensitivity,public_psu,survey_HR,10997,1330,0.12094207511139402,age_decade,0.07182527806150182,0.05107154046730056,1.406365999621437,0.15961547108493612,0.160,1.074467594601334,0.9721210538732673,1.1875893513966451
incident_chronic_lung_disease,svycox_raw_pef_sensitivity,public_psu,survey_HR,10997,1330,0.12094207511139402,sexmale,0.429404634432693,0.12564594705545337,3.4175764877093635,6.318133806052656e-4,<0.001,1.5363425657448893,1.200980826315549,1.965350676380761
incident_chronic_lung_disease,svycox_raw_pef_sensitivity,public_psu,survey_HR,10997,1330,0.12094207511139402,smoke_everyes,0.48098474052331036,0.10569733655278836,4.550585248504275,5.349690694127135e-6,<0.001,1.6176665999675874,1.3149754034839407,1.9900335943300047
incident_chronic_lung_disease,svycox_raw_pef_sensitivity,public_psu,survey_HR,10997,1330,0.12094207511139402,bmi_w1,-0.0155631533969605,0.016222740740747206,-0.9593418057819295,0.3373865812890117,0.337,0.984557326648631,0.9537442499870009,1.0163658962774464
incident_chronic_lung_disease,svycox_raw_pef_sensitivity,public_psu,survey_HR,10997,1330,0.12094207511139402,height_m_w1,-2.02539769144511,0.5840689824970839,-3.4677371203412983,5.248604570374354e-4,<0.001,0.13194136080217683,0.04199633622930319,0.41452479557450783
incident_asthma,svycox_cause_specific,public_psu,survey_HR,11656,462,0.03963623884694578,resp_vulnerability_z,0.1975627699279084,0.14786942126413213,1.336062373403162,0.18152888710993442,0.182,1.218429543303939,0.9118668514806437,1.6280562777178205
incident_asthma,svycox_cause_specific,public_psu,survey_HR,11656,462,0.03963623884694578,age_decade,0.3541605752329916,0.07184247225780496,4.929682458060394,8.236338074045083e-7,<0.001,1.4249839852451294,1.2378169818469296,1.6404520118760137
incident_asthma,svycox_cause_specific,public_psu,survey_HR,11656,462,0.03963623884694578,sexmale,-0.19660518909867045,0.17583541526889881,-1.1181205378791819,0.26351551594356865,0.264,0.8215149123369941,0.5820245773458677,1.159550262069102
incident_asthma,svycox_cause_specific,public_psu,survey_HR,11656,462,0.03963623884694578,smoke_everyes,0.7240866736102576,0.184148116814563,3.9320883978379872,8.421108625253778e-5,<0.001,2.062846187466357,1.4378606722504528,2.959490078050672
incident_asthma,svycox_cause_specific,public_psu,survey_HR,11656,462,0.03963623884694578,bmi_w1,-5.655885832662235e-4,0.001302099122738465,-0.43436676470277114,0.6640221282563974,0.664,0.9994345713318064,0.9968871521249586,1.0019885001466893
incident_asthma,svycox_plus_frailty,public_psu,survey_HR,11650,461,0.039570815450643775,resp_vulnerability_z,0.18807568251735274,0.1440317477968545,1.305793239297622,0.19162287978699663,0.192,1.2069248550044365,0.9100765672601491,1.600598958407294
incident_asthma,svycox_plus_frailty,public_psu,survey_HR,11650,461,0.039570815450643775,frailty_proxy_count_w1,0.0624017752096324,0.07853464546393694,0.794576391616707,0.4268599557935321,0.427,1.0643899043077962,0.9125374713278974,1.2415116134833997
incident_asthma,svycox_plus_frailty,public_psu,survey_HR,11650,461,0.039570815450643775,age_decade,0.3374836267788167,0.08541143567085954,3.9512698051270263,7.7737623700658e-5,<0.001,1.4014166624991395,1.1853963756359502,1.6568033294994535
incident_asthma,svycox_plus_frailty,public_psu,survey_HR,11650,461,0.039570815450643775,sexmale,-0.15827325740880935,0.17908706389415416,-0.8837782806152521,0.3768159131446263,0.377,0.8536164930649609,0.600925746112585,1.2125643175488205
incident_asthma,svycox_plus_frailty,public_psu,survey_HR,11650,461,0.039570815450643775,smoke_everyes,0.6990392621427565,0.18468709283010354,3.784992505057261,1.537132109776413e-4,<0.001,2.0118189480759527,1.4008126887927816,2.8893338218727087
incident_asthma,svycox_plus_frailty,public_psu,survey_HR,11650,461,0.039570815450643775,bmi_w1,-4.875849156278798e-4,0.0012659633253890112,-0.38514932135024715,0.7001267880975783,0.700,0.9995125339345798,0.997035529712012,1.0019956919498016
incident_asthma,svycox_composite_disease_or_death,public_psu,survey_HR,11656,1515,0.12997597803706246,resp_vulnerability_z,0.2624015724117131,0.06831543979701014,3.841028809759594,1.225197324806342e-4,<0.001,1.3000485012322236,1.137125185635085,1.4863148991042836
incident_asthma,svycox_composite_disease_or_death,public_psu,survey_HR,11656,1515,0.12997597803706246,age_decade,0.8117641101463311,0.03797765034663459,21.374784978456837,2.293772276075308e-101,<0.001,2.2518770438614752,2.0903424734908214,2.4258944574770713
incident_asthma,svycox_composite_disease_or_death,public_psu,survey_HR,11656,1515,0.12997597803706246,sexmale,0.15513952581839358,0.13841610552309433,1.12081990193337,0.2623645308861612,0.262,1.1678208909039445,0.8903362834874712,1.5317870994649565
incident_asthma,svycox_composite_disease_or_death,public_psu,survey_HR,11656,1515,0.12997597803706246,smoke_everyes,0.4183972306063567,0.10427134269694262,4.012581211526153,6.0058407026988875e-5,<0.001,1.5195241560354926,1.2386541148711283,1.864082662830861
incident_asthma,svycox_composite_disease_or_death,public_psu,survey_HR,11656,1515,0.12997597803706246,bmi_w1,-0.0010423408447607612,0.0012148895045081222,-0.8579717257354845,0.3909080762221522,0.391,0.9989582022037606,0.9965823293037692,1.0013397392339207
incident_asthma,svycox_raw_pef_sensitivity,public_psu,survey_HR,11656,462,0.03963623884694578,pef_per_100_l_min,-0.18281727822659802,0.14351300550884352,-1.2738725495880754,0.2027085882515365,0.203,0.8329203345141045,0.628698940370543,1.1034793270658312
incident_asthma,svycox_raw_pef_sensitivity,public_psu,survey_HR,11656,462,0.03963623884694578,age_decade,0.20638975301744789,0.1081614614710714,1.9081635012175606,0.056370087391042066,0.056,1.2292322076047553,0.994408976807311,1.519507421447637
incident_asthma,svycox_raw_pef_sensitivity,public_psu,survey_HR,11656,462,0.03963623884694578,sexmale,0.2887112174970449,0.1886618482275795,1.5303105540913478,0.12593987710733834,0.126,1.3347062330623212,0.9221328240320503,1.931869988952366
incident_asthma,svycox_raw_pef_sensitivity,public_psu,survey_HR,11656,462,0.03963623884694578,smoke_everyes,0.7369928607779187,0.18570216720432464,3.968682066951966,7.227122876921165e-5,<0.001,2.089642211762983,1.4521084635937083,3.0070787979398785
incident_asthma,svycox_raw_pef_sensitivity,public_psu,survey_HR,11656,462,0.03963623884694578,bmi_w1,-0.0053447146792161065,0.0037523309077808825,-1.424371893249936,0.15433884602138637,0.154,0.994669542896085,0.9873810123807492,1.0020118750102027
incident_asthma,svycox_raw_pef_sensitivity,public_psu,survey_HR,11656,462,0.03963623884694578,height_m_w1,-2.8590043661623654,0.9736939842079477,-2.936245280890818,0.0033221152733001837,0.003,0.05732580737533099,0.008502078846515838,0.3865229022876283
death_w2_w4,svycox_death,public_psu,survey_HR,12569,1198,0.0953138674516668,resp_vulnerability_z,0.28030076414709143,0.04454053398021808,6.293161287010664,3.110648299953615e-10,<0.001,1.3235278221974835,1.2128843915488803,1.4442645221065304
death_w2_w4,svycox_death,public_psu,survey_HR,12569,1198,0.0953138674516668,age_decade,0.9937786781247552,0.04857224859012007,20.45980383800672,4.9135602689241186e-93,<0.001,2.7014230186740598,2.456105759118527,2.9712427075783334
death_w2_w4,svycox_death,public_psu,survey_HR,12569,1198,0.0953138674516668,sexmale,0.28735878236423246,0.12932118597849349,2.2220549571206463,0.02627959178838327,0.026,1.3329023495534145,1.03447004094442,1.7174288313106083
death_w2_w4,svycox_death,public_psu,survey_HR,12569,1198,0.0953138674516668,smoke_everyes,0.3092895150173575,0.1331823858475275,2.3223004532404494,0.020216763167022103,0.020,1.3624567651030852,1.0494351203177978,1.7688453538824087
death_w2_w4,svycox_death,public_psu,survey_HR,12569,1198,0.0953138674516668,bmi_w1,-0.00224291962168583,0.0069979738570451,-0.3205098600686834,0.7485818570383538,0.749,0.9977595938430113,0.9841677209038435,1.0115391776835534
death_w2_w4,svycox_death_plus_frailty,public_psu,survey_HR,12562,1197,0.0952873746218755,resp_vulnerability_z,0.1955073637081494,0.04451761518255261,4.391685468919118,1.1247533139685603e-5,<0.001,1.215927747626269,1.1143294545468816,1.3267892017165466
death_w2_w4,svycox_death_plus_frailty,public_psu,survey_HR,12562,1197,0.0952873746218755,frailty_proxy_count_w1,0.35042816503928814,0.03463826621531005,10.116792880481979,4.654165043500634e-24,<0.001,1.4196752738000125,1.3264910709096955,1.519405540858216
death_w2_w4,svycox_death_plus_frailty,public_psu,survey_HR,12562,1197,0.0952873746218755,age_decade,0.8297569570910799,0.046869838878956224,17.70343096834555,3.9452291409563386e-70,<0.001,2.2927614331339843,2.091522088423478,2.5133633626738194
death_w2_w4,svycox_death_plus_frailty,public_psu,survey_HR,12562,1197,0.0952873746218755,sexmale,0.44183159742033606,0.13696657475839794,3.2258351951905384,0.0012560566021979308,0.001,1.5555537591097213,1.1893145239901326,2.034573234136726
death_w2_w4,svycox_death_plus_frailty,public_psu,survey_HR,12562,1197,0.0952873746218755,smoke_everyes,0.313549931253475,0.13657466353288494,2.2958133166330468,0.021686557703566246,0.022,1.3682737806811567,1.0469315900411473,1.7882478250808387
death_w2_w4,svycox_death_plus_frailty,public_psu,survey_HR,12562,1197,0.0952873746218755,bmi_w1,-0.0013643924196543567,0.0029531130025839993,-0.46201835773317906,0.6440681558234672,0.644,0.9986365379405094,0.9928730243039533,1.0044335081104045
death_w2_w4,svycox_death_raw_pef_sensitivity,public_psu,survey_HR,12569,1198,0.0953138674516668,pef_per_100_l_min,-0.2597390483021206,0.041976184257653024,-6.187771778106901,6.102058459369869e-10,<0.001,0.7712528192790009,0.7103394181489645,0.8373896985695167
death_w2_w4,svycox_death_raw_pef_sensitivity,public_psu,survey_HR,12569,1198,0.0953138674516668,age_decade,0.8391434204341817,0.053336733986373314,15.732935965831157,8.994204964540701e-56,<0.001,2.314383673711553,2.084655099828507,2.5694282903599848
death_w2_w4,svycox_death_raw_pef_sensitivity,public_psu,survey_HR,12569,1198,0.0953138674516668,sexmale,0.7274645926298722,0.17694532344806724,4.1112394408286255,3.9354081895954085e-5,<0.001,2.069826096985173,1.4632379567447813,2.9278765302751943
death_w2_w4,svycox_death_raw_pef_sensitivity,public_psu,survey_HR,12569,1198,0.0953138674516668,smoke_everyes,0.31497852873095517,0.13541643882630228,2.325999202615097,0.020018593220215274,0.020,1.3702298900665228,1.0508110647743594,1.7867436065063491
death_w2_w4,svycox_death_raw_pef_sensitivity,public_psu,survey_HR,12569,1198,0.0953138674516668,bmi_w1,-0.004911585059497636,0.006814204106821185,-0.7207863137796269,0.47104099725177995,0.471,0.9951004570510504,0.9818984129543737,1.0084800082768062
death_w2_w4,svycox_death_raw_pef_sensitivity,public_psu,survey_HR,12569,1198,0.0953138674516668,height_m_w1,-1.6840185849366605,0.7605139117711671,-2.214316607325086,0.026807006984001035,0.027,0.18562651925189727,0.04180974419070916,0.8241429197079844
incident_chronic_lung_disease,svyglm_discrete_time,public_psu,survey_OR,30685,1330,0.043343653250773995,(Intercept),-5.706573865994886,0.579795243961359,-9.842395096250922,7.392951269257326e-23,<0.001,0.0033240416699054057,0.0010669271930752067,0.01035614528805872
incident_chronic_lung_disease,svyglm_discrete_time,public_psu,survey_OR,30685,1330,0.043343653250773995,resp_vulnerability_z,0.23234697054674647,0.05620850111635526,4.133662451979872,3.570277269401683e-5,<0.001,1.2615573761511285,1.129955564340626,1.4084863719840517
incident_chronic_lung_disease,svyglm_discrete_time,public_psu,survey_OR,30685,1330,0.043343653250773995,age_decade,0.2641928715497134,0.042754462284689376,6.179305210074467,6.438431866053924e-10,<0.001,1.3023793640048138,1.1976893099768338,1.4162203784038045
incident_chronic_lung_disease,svyglm_discrete_time,public_psu,survey_OR,30685,1330,0.043343653250773995,sexmale,0.02777623508489103,0.10196511691807014,0.2724091917357333,0.7853074058744715,0.785,1.0281655912927468,0.8419156953209251,1.2556179781342647
incident_chronic_lung_disease,svyglm_discrete_time,public_psu,survey_OR,30685,1330,0.043343653250773995,smoke_everyes,0.504360435571866,0.10696800601517596,4.715058776549602,2.4164098474942786e-6,<0.001,1.655926110280676,1.3427277024500226,2.0421797194665032
incident_chronic_lung_disease,svyglm_discrete_time,public_psu,survey_OR,30685,1330,0.043343653250773995,bmi_w1,-0.020678506220591412,0.019024286208484377,-1.0869530658852942,0.2770575523958093,0.277,0.9795338279858504,0.943681930927911,1.01674779258003
incident_chronic_lung_disease,svyglm_discrete_time,public_psu,survey_OR,30685,1330,0.043343653250773995,factor(interval)2,1.2723226455167023,0.13780397647280734,9.232844204374377,2.6353924356401764e-20,<0.001,3.5691327728696023,2.724341783585815,4.675884952146129
incident_chronic_lung_disease,svyglm_discrete_time,public_psu,survey_OR,30685,1330,0.043343653250773995,factor(interval)3,1.8458662019460779,0.122485613457901,15.070065372048878,2.5486074627797713e-51,<0.001,6.333583577446119,4.981815583367223,8.052140883421027
incident_chronic_lung_disease,svyglm_discrete_time_plus_frailty,public_psu,survey_OR,30675,1329,0.04332518337408313,(Intercept),-5.617012595414327,0.5721311593437914,-9.817700895467372,9.447355084854195e-23,<0.001,0.0036354855687653763,0.0011845531457240796,0.011157587456848405
incident_chronic_lung_disease,svyglm_discrete_time_plus_frailty,public_psu,survey_OR,30675,1329,0.04332518337408313,resp_vulnerability_z,0.19427901448354898,0.056710663295337436,3.4257933727874765,6.130065269072067e-4,<0.001,1.214435080666137,1.0866788457843266,1.3572110756311537
incident_chronic_lung_disease,svyglm_discrete_time_plus_frailty,public_psu,survey_OR,30675,1329,0.04332518337408313,frailty_proxy_count_w1,0.2237526039467881,0.038165482458322735,5.86269554409876,4.55412798462548e-9,<0.001,1.250761547678491,1.160612935602181,1.3479122980301845
incident_chronic_lung_disease,svyglm_discrete_time_plus_frailty,public_psu,survey_OR,30675,1329,0.04332518337408313,age_decade,0.19227824419886597,0.04629896428787431,4.152970744730538,3.281867092285221e-5,<0.001,1.2120077041651989,1.1068656410126032,1.3271372970001423
incident_chronic_lung_disease,svyglm_discrete_time_plus_frailty,public_psu,survey_OR,30675,1329,0.04332518337408313,sexmale,0.11807315683040351,0.10442561178283491,1.1306915498465093,0.25818493920878205,0.258,1.1253264336711428,0.9170428840141127,1.38091642647709
incident_chronic_lung_disease,svyglm_discrete_time_plus_frailty,public_psu,survey_OR,30675,1329,0.04332518337408313,smoke_everyes,0.4902851789769926,0.10695930312558767,4.58384791831822,4.564963139587555e-6,<0.001,1.632781788607155,1.323983433336543,2.0136025135063123
incident_chronic_lung_disease,svyglm_discrete_time_plus_frailty,public_psu,survey_OR,30675,1329,0.04332518337408313,bmi_w1,-0.016768628875892283,0.018812759228870362,-0.8913434053925953,0.3727449693735131,0.373,0.9833711820115301,0.9477716919912442,1.0203078333971671
incident_chronic_lung_disease,svyglm_discrete_time_plus_frailty,public_psu,survey_OR,30675,1329,0.04332518337408313,factor(interval)2,1.277078132299291,0.13903392580286683,9.185370584371128,4.10112728686637e-20,<0.001,3.5861461579976996,2.730737277422123,4.709513570877902
incident_chronic_lung_disease,svyglm_discrete_time_plus_frailty,public_psu,survey_OR,30675,1329,0.04332518337408313,factor(interval)3,1.8608061470280823,0.12394404124864537,15.013276380871757,6.010399511728741e-51,<0.001,6.428917335604252,5.042368066400261,8.196739619910176
incident_asthma,svyglm_discrete_time,public_psu,survey_OR,32865,462,0.014057507987220448,(Intercept),-8.062114769344891,0.5739743950791392,-14.046122681541034,8.136859825252445e-45,<0.001,3.1525939893247324e-4,1.023507842247705e-4,9.710574214751422e-4
incident_asthma,svyglm_discrete_time,public_psu,survey_OR,32865,462,0.014057507987220448,resp_vulnerability_z,0.22300799691471518,0.14658706488451223,1.521334758223113,0.12817585199263612,0.128,1.2498305684844848,0.9377211550297175,1.6658219146914166
incident_asthma,svyglm_discrete_time,public_psu,survey_OR,32865,462,0.014057507987220448,age_decade,0.4233963677763289,0.07250883912470335,5.839237986532322,5.244011657864302e-9,<0.001,1.5271394849016116,1.3248232351331088,1.7603518299641243
incident_asthma,svyglm_discrete_time,public_psu,survey_OR,32865,462,0.014057507987220448,sexmale,-0.19208620279248936,0.1749866045607748,-1.097719469868196,0.2723270052910717,0.272,0.8252357278012649,0.585634181651725,1.1628658773279743
incident_asthma,svyglm_discrete_time,public_psu,survey_OR,32865,462,0.014057507987220448,smoke_everyes,0.756563375246545,0.18789279095511974,4.026569467624006,5.6596523999344706e-5,<0.001,2.1309403799931927,1.474462482858892,3.07970325177823
incident_asthma,svyglm_discrete_time,public_psu,survey_OR,32865,462,0.014057507987220448,bmi_w1,-6.106332179987023e-4,0.0013801275433299293,-0.4424469469867873,0.6581658130796084,0.658,0.9993895531805225,0.9966898076043568,1.0020966115897485
incident_asthma,svyglm_discrete_time,public_psu,survey_OR,32865,462,0.014057507987220448,factor(interval)2,1.2438428676046038,0.5107924631962322,2.4351237679220694,0.014886696769282809,0.015,3.4689184781292437,1.274672954891924,9.440378696139186
incident_asthma,svyglm_discrete_time,public_psu,survey_OR,32865,462,0.014057507987220448,factor(interval)3,1.4410234024472788,0.5014565933582984,2.8736752523216813,0.004057259087710307,0.004,4.225017498457384,1.5811753762030634,11.289559103264581
incident_asthma,svyglm_discrete_time_plus_frailty,public_psu,survey_OR,32849,461,0.014033912752290784,(Intercept),-7.981998670498181,0.5704021613612209,-13.993633284014484,1.7047542417086903e-44,<0.001,3.415560817918934e-4,1.1166727056622725e-4,0.0010447157561699505
incident_asthma,svyglm_discrete_time_plus_frailty,public_psu,survey_OR,32849,461,0.014033912752290784,resp_vulnerability_z,0.20695065152438208,0.14351392039455654,1.4420249335773263,0.14929533983335208,0.149,1.2299218755134451,0.928359125428007,1.629442506065848
incident_asthma,svyglm_discrete_time_plus_frailty,public_psu,survey_OR,32849,461,0.014033912752290784,frailty_proxy_count_w1,0.09940768320016642,0.07913910732879204,1.2561132738984075,0.20907490417776267,0.209,1.1045165006045479,0.945818142138934,1.289842778178084
incident_asthma,svyglm_discrete_time_plus_frailty,public_psu,survey_OR,32849,461,0.014033912752290784,age_decade,0.3926634793863224,0.08433961427635882,4.655741939957978,3.228160715212443e-6,<0.001,1.4809199453768103,1.255278970841519,1.7471207082714204
incident_asthma,svyglm_discrete_time_plus_frailty,public_psu,survey_OR,32849,461,0.014033912752290784,sexmale,-0.13797855159080805,0.1794401844545755,-0.76893897545974,0.44192953836604776,0.442,0.8711173756273546,0.612821661290376,1.2382811020779543
incident_asthma,svyglm_discrete_time_plus_frailty,public_psu,survey_OR,32849,461,0.014033912752290784,smoke_everyes,0.7312877606305055,0.18779661917221288,3.8940411379818367,9.85879192918159e-5,<0.001,2.077754536106172,1.4379325992900387,3.0022713960593634
incident_asthma,svyglm_discrete_time_plus_frailty,public_psu,survey_OR,32849,461,0.014033912752290784,bmi_w1,-4.921169866111541e-4,0.0013161408099197052,-0.37390907029254494,0.708471968011879,0.708,0.9995080040830921,0.9969329600321477,1.002089699385555
incident_asthma,svyglm_discrete_time_plus_frailty,public_psu,survey_OR,32849,461,0.014033912752290784,factor(interval)2,1.2424333870680102,0.5109660007006671,2.431538273318208,0.015034859775902382,0.015,3.4640325491710553,1.272444719031691,9.430289050865767
incident_asthma,svyglm_discrete_time_plus_frailty,public_psu,survey_OR,32849,461,0.014033912752290784,factor(interval)3,1.4366638424526468,0.5032380037805408,2.8548397212845784,0.004305855307626804,0.004,4.206638372754166,1.5688099762549248,11.279764067647873
incident_chronic_lung_disease,svycox_cause_specific,public_county_community,survey_HR,10997,1330,0.12094207511139402,resp_vulnerability_z,0.20245791962751286,0.05488254555369847,3.6889309266718127,2.2519834291427293e-4,<0.001,1.2244085604695332,1.0995358435471134,1.3634628936831354
incident_chronic_lung_disease,svycox_cause_specific,public_county_community,survey_HR,10997,1330,0.12094207511139402,age_decade,0.19570141564676305,0.039651902206601995,4.935486187449009,7.995133916903935e-7,<0.001,1.2161637236579728,1.125225755771998,1.3144510736219972
incident_chronic_lung_disease,svycox_cause_specific,public_county_community,survey_HR,10997,1330,0.12094207511139402,sexmale,0.02066585706733737,0.10086149761859947,0.20489341875017392,0.837655397217903,0.838,1.020880874510432,0.8377607853463653,1.2440278635270525
incident_chronic_lung_disease,svycox_cause_specific,public_county_community,survey_HR,10997,1330,0.12094207511139402,smoke_everyes,0.46706466513195427,0.10061632914415018,4.642036427932129,3.4499201775185214e-6,<0.001,1.5953045606615486,1.309776693898072,1.9430767497421897
incident_chronic_lung_disease,svycox_cause_specific,public_county_community,survey_HR,10997,1330,0.12094207511139402,bmi_w1,-0.018723055433745233,0.017924227695667087,-1.0445669264886235,0.29622317213025,0.296,0.9814511321665653,0.947569928372453,1.0165437884732218
incident_chronic_lung_disease,svycox_plus_frailty,public_county_community,survey_HR,10993,1329,0.12089511507322842,resp_vulnerability_z,0.17060164644999232,0.0575386931946774,2.9649899394269483,0.0030269282827980093,0.003,1.1860182003467576,1.059530417688039,1.3276062188220474
incident_chronic_lung_disease,svycox_plus_frailty,public_county_community,survey_HR,10993,1329,0.12089511507322842,frailty_proxy_count_w1,0.18131271819146746,0.03508804459013867,5.167364562755502,2.3741789041565544e-7,<0.001,1.1987900041249124,1.119117189455362,1.284134930220486
incident_chronic_lung_disease,svycox_plus_frailty,public_county_community,survey_HR,10993,1329,0.12089511507322842,age_decade,0.1342025552934356,0.04328299500181236,3.1005838502584266,0.0019313952104215242,0.002,1.143624443370256,1.05060678222499,1.2448776170129874
incident_chronic_lung_disease,svycox_plus_frailty,public_county_community,survey_HR,10993,1329,0.12089511507322842,sexmale,0.09155015045447971,0.1035141643222032,0.884421480421909,0.3764687316225673,0.376,1.0958717337799688,0.8946366582083923,1.3423716163195438
incident_chronic_lung_disease,svycox_plus_frailty,public_county_community,survey_HR,10993,1329,0.12089511507322842,smoke_everyes,0.4524074661257768,0.10142478926356627,4.460521628002931,8.176040684851263e-6,<0.001,1.5720923924857184,1.288675412942939,1.9178409595534853
incident_chronic_lung_disease,svycox_plus_frailty,public_county_community,survey_HR,10993,1329,0.12089511507322842,bmi_w1,-0.01537379905603957,0.01754471324365803,-0.8762639116713297,0.3808865790478153,0.381,0.9847437745041158,0.9514563797034447,1.0191957530694795
incident_chronic_lung_disease,svycox_composite_disease_or_death,public_county_community,survey_HR,10997,2229,0.20269164317541147,resp_vulnerability_z,0.23031173029087437,0.042285582030363963,5.446578224357765,5.1348026775160255e-8,<0.001,1.2589924148357379,1.1588544678909694,1.3677833969079995
incident_chronic_lung_disease,svycox_composite_disease_or_death,public_county_community,survey_HR,10997,2229,0.20269164317541147,age_decade,0.5693462144347038,0.0356309223639056,15.978991748230909,1.7901806887006947e-57,<0.001,1.7671113617876884,1.6479129468874558,1.8949317504041685
incident_chronic_lung_disease,svycox_composite_disease_or_death,public_county_community,survey_HR,10997,2229,0.20269164317541147,sexmale,0.1260775416194157,0.10451164333056369,1.206349241114126,0.2276828587712719,0.228,1.1343701257693668,0.9242568411915647,1.3922489127362634
incident_chronic_lung_disease,svycox_composite_disease_or_death,public_county_community,survey_HR,10997,2229,0.20269164317541147,smoke_everyes,0.4203565273405108,0.08838540041210083,4.755949799181539,1.9751555173423564e-6,<0.001,1.522504273265509,1.280334206312443,1.8104798346269164
incident_chronic_lung_disease,svycox_composite_disease_or_death,public_county_community,survey_HR,10997,2229,0.20269164317541147,bmi_w1,-0.0035861313614483905,0.01140687101333532,-0.31438344110808186,0.7532298311498966,0.753,0.9964202911280317,0.974390045072711,1.0189486249293347
incident_chronic_lung_disease,svycox_raw_pef_sensitivity,public_county_community,survey_HR,10997,1330,0.12094207511139402,pef_per_100_l_min,-0.18688283722935453,0.05130996698312691,-3.6422326541510004,2.702836230436836e-4,<0.001,0.8295409220048104,0.7501737950850007,0.9173049575833548
incident_chronic_lung_disease,svycox_raw_pef_sensitivity,public_county_community,survey_HR,10997,1330,0.12094207511139402,age_decade,0.07182527806150182,0.04779830133666652,1.5026742803180744,0.13292305821218697,0.133,1.074467594601334,0.9783777925785448,1.1799947020523713
incident_chronic_lung_disease,svycox_raw_pef_sensitivity,public_county_community,survey_HR,10997,1330,0.12094207511139402,sexmale,0.429404634432693,0.12812521753644807,3.3514451150925018,8.039097262161419e-4,<0.001,1.5363425657448893,1.195158972673199,1.9749242847921928
incident_chronic_lung_disease,svycox_raw_pef_sensitivity,public_county_community,survey_HR,10997,1330,0.12094207511139402,smoke_everyes,0.48098474052331036,0.1016281850004619,4.73278884712075,2.2145583252973893e-6,<0.001,1.6176665999675874,1.3255049721924004,1.9742251319679343
incident_chronic_lung_disease,svycox_raw_pef_sensitivity,public_county_community,survey_HR,10997,1330,0.12094207511139402,bmi_w1,-0.0155631533969605,0.016229522059967992,-0.9589409558368224,0.3375884908154555,0.338,0.984557326648631,0.9537315734885855,1.016379405278335
incident_chronic_lung_disease,svycox_raw_pef_sensitivity,public_county_community,survey_HR,10997,1330,0.12094207511139402,height_m_w1,-2.02539769144511,0.5911705224992209,-3.42608031754117,6.12359277287529e-4,<0.001,0.13194136080217683,0.041415837808591704,0.4203349156133408
incident_asthma,svycox_cause_specific,public_county_community,survey_HR,11656,462,0.03963623884694578,resp_vulnerability_z,0.1975627699279084,0.13738463704568737,1.4380266540443583,0.15042649159410362,0.150,1.218429543303939,0.9307997476344283,1.5949408621658874
incident_asthma,svycox_cause_specific,public_county_community,survey_HR,11656,462,0.03963623884694578,age_decade,0.3541605752329916,0.07217678751904931,4.906848689262036,9.255137730065075e-7,<0.001,1.4249839852451294,1.2370061581542497,1.6415272832876922
incident_asthma,svycox_cause_specific,public_county_community,survey_HR,11656,462,0.03963623884694578,sexmale,-0.19660518909867045,0.18358372962824837,-1.0709292675161908,0.28420123488119536,0.284,0.8215149123369941,0.5732523262956899,1.1772943959130924
incident_asthma,svycox_cause_specific,public_county_community,survey_HR,11656,462,0.03963623884694578,smoke_everyes,0.7240866736102576,0.19269693817220607,3.7576449344678653,1.7152002479497075e-4,<0.001,2.062846187466357,1.4139690440870059,3.0094961491127528
incident_asthma,svycox_cause_specific,public_county_community,survey_HR,11656,462,0.03963623884694578,bmi_w1,-5.655885832662235e-4,0.001330603249545642,-0.4250617781516419,0.6707916400635852,0.671,0.9994345713318064,0.9968314595010119,1.0020444808926876
incident_asthma,svycox_plus_frailty,public_county_community,survey_HR,11650,461,0.039570815450643775,resp_vulnerability_z,0.18807568251735274,0.13557039049032138,1.3872917370609759,0.16535282169891014,0.165,1.2069248550044365,0.9252953613749068,1.574273109359374
incident_asthma,svycox_plus_frailty,public_county_community,survey_HR,11650,461,0.039570815450643775,frailty_proxy_count_w1,0.0624017752096324,0.07384347977342412,0.8450546399100015,0.3980803326087495,0.398,1.0643899043077962,0.9209666581752188,1.2301486251816234
incident_asthma,svycox_plus_frailty,public_county_community,survey_HR,11650,461,0.039570815450643775,age_decade,0.3374836267788167,0.08404590032884368,4.015468041372101,5.932793819542709e-5,<0.001,1.4014166624991395,1.188573278413712,1.6523749083029782
incident_asthma,svycox_plus_frailty,public_county_community,survey_HR,11650,461,0.039570815450643775,sexmale,-0.15827325740880935,0.18798677571173097,-0.8419382523561874,0.39982251730634055,0.400,0.8536164930649609,0.5905344304256446,1.2339011574775056
incident_asthma,svycox_plus_frailty,public_county_community,survey_HR,11650,461,0.039570815450643775,smoke_everyes,0.6990392621427565,0.19219567428565593,3.637122764291723,2.757005473720875e-4,<0.001,2.0118189480759527,1.3803481370012172,2.9321700601055425
incident_asthma,svycox_plus_frailty,public_county_community,survey_HR,11650,461,0.039570815450643775,bmi_w1,-4.875849156278798e-4,0.0012856036002650089,-0.37926536261050536,0.7044908182611126,0.704,0.9995125339345798,0.9969971496290815,1.0020342644550162
incident_asthma,svycox_composite_disease_or_death,public_county_community,survey_HR,11656,1515,0.12997597803706246,resp_vulnerability_z,0.2624015724117131,0.06040377245663733,4.344125569310857,1.3983151941012275e-5,<0.001,1.3000485012322236,1.1548958634533404,1.4634445918806729
incident_asthma,svycox_composite_disease_or_death,public_county_community,survey_HR,11656,1515,0.12997597803706246,age_decade,0.8117641101463311,0.037353088969025165,21.732181529069305,1.0184693571901501e-104,<0.001,2.2518770438614752,2.092902912802397,2.422926639191444
incident_asthma,svycox_composite_disease_or_death,public_county_community,survey_HR,11656,1515,0.12997597803706246,sexmale,0.15513952581839358,0.1391303675636959,1.1150658805481015,0.2648221912348935,0.265,1.1678208909039445,0.8890907260672914,1.5339330320812075
incident_asthma,svycox_composite_disease_or_death,public_county_community,survey_HR,11656,1515,0.12997597803706246,smoke_everyes,0.4183972306063567,0.10722871736975245,3.9019139729482584,9.543507721075585e-5,<0.001,1.5195241560354926,1.2314950813781165,1.87491910904875
incident_asthma,svycox_composite_disease_or_death,public_county_community,survey_HR,11656,1515,0.12997597803706246,bmi_w1,-0.0010423408447607612,0.0012345342659677194,-0.8443190873634416,0.39849112282970983,0.398,0.9989582022037606,0.9965439579031123,1.0013782952936139
incident_asthma,svycox_raw_pef_sensitivity,public_county_community,survey_HR,11656,462,0.03963623884694578,pef_per_100_l_min,-0.18281727822659802,0.13435855524191162,-1.360667193074805,0.17361888670125158,0.174,0.8329203345141045,0.6400813210877737,1.0838564738431942
incident_asthma,svycox_raw_pef_sensitivity,public_county_community,survey_HR,11656,462,0.03963623884694578,age_decade,0.20638975301744789,0.10535946457647312,1.9589104201231384,0.05012327850705426,0.050,1.2292322076047553,0.9998852090365474,1.5111852906283267
incident_asthma,svycox_raw_pef_sensitivity,public_county_community,survey_HR,11656,462,0.03963623884694578,sexmale,0.2887112174970449,0.19675121622717118,1.467392288765807,0.14226937098329823,0.142,1.3347062330623212,0.9076275549439332,1.9627442103005082
incident_asthma,svycox_raw_pef_sensitivity,public_county_community,survey_HR,11656,462,0.03963623884694578,smoke_everyes,0.7369928607779187,0.1947622426037568,3.784064359319011,1.542878979194504e-4,<0.001,2.089642211762983,1.4265498907173,3.060954686264824
incident_asthma,svycox_raw_pef_sensitivity,public_county_community,survey_HR,11656,462,0.03963623884694578,bmi_w1,-0.0053447146792161065,0.0037774979129520103,-1.414882232202045,0.1571030283071895,0.157,0.994669542896085,0.9873323087128029,1.0020613027998213
incident_asthma,svycox_raw_pef_sensitivity,public_county_community,survey_HR,11656,462,0.03963623884694578,height_m_w1,-2.8590043661623654,0.9786081136439019,-2.921500778811963,0.0034834940467229625,0.003,0.05732580737533099,0.008420582531103827,0.3902637589614326
death_w2_w4,svycox_death,public_county_community,survey_HR,12569,1198,0.0953138674516668,resp_vulnerability_z,0.28030076414709143,0.045755141780174535,6.126104154452523,9.005686624605216e-10,<0.001,1.3235278221974835,1.210000395245717,1.4477068792817107
death_w2_w4,svycox_death,public_county_community,survey_HR,12569,1198,0.0953138674516668,age_decade,0.9937786781247552,0.049345775966226066,20.139083004894506,3.354899954370401e-90,<0.001,2.7014230186740598,2.4523848450107684,2.9757508658026417
death_w2_w4,svycox_death,public_county_community,survey_HR,12569,1198,0.0953138674516668,sexmale,0.28735878236423246,0.12840376316243368,2.237931157833101,0.025225544800575116,0.025,1.3329023495534145,1.0363318453228076,1.7143434137079996
death_w2_w4,svycox_death,public_county_community,survey_HR,12569,1198,0.0953138674516668,smoke_everyes,0.3092895150173575,0.13455353930655928,2.298635298716963,0.021525657375909182,0.022,1.3624567651030852,1.0466185909424028,1.7736054498169314
death_w2_w4,svycox_death,public_county_community,survey_HR,12569,1198,0.0953138674516668,bmi_w1,-0.00224291962168583,0.0071073125347496475,-0.31557914622715205,0.7523219682878891,0.752,0.9977595938430113,0.9839568326111363,1.011755977611272
death_w2_w4,svycox_death_plus_frailty,public_county_community,survey_HR,12562,1197,0.0952873746218755,resp_vulnerability_z,0.1955073637081494,0.0464955446696566,4.204862317394019,2.6124113676297338e-5,<0.001,1.215927747626269,1.1100178498663513,1.3319428040058132
death_w2_w4,svycox_death_plus_frailty,public_county_community,survey_HR,12562,1197,0.0952873746218755,frailty_proxy_count_w1,0.35042816503928814,0.03840290466801996,9.125043224428474,7.17076378557439e-20,<0.001,1.4196752738000125,1.3167393245039845,1.530658229409508
death_w2_w4,svycox_death_plus_frailty,public_county_community,survey_HR,12562,1197,0.0952873746218755,age_decade,0.8297569570910799,0.04742840026971378,17.49493873654717,1.5658075847493936e-68,<0.001,2.2927614331339843,2.089233584123233,2.5161164501731146
death_w2_w4,svycox_death_plus_frailty,public_county_community,survey_HR,12562,1197,0.0952873746218755,sexmale,0.44183159742033606,0.13673693201725484,3.2312528217656755,0.0012324887152786125,0.001,1.5555537591097213,1.1898499546765542,2.033657679247601
death_w2_w4,svycox_death_plus_frailty,public_county_community,survey_HR,12562,1197,0.0952873746218755,smoke_everyes,0.313549931253475,0.13804429222630696,2.271371935751228,0.02312447183554414,0.023,1.3682737806811567,1.0439202717512635,1.7934062490795193
death_w2_w4,svycox_death_plus_frailty,public_county_community,survey_HR,12562,1197,0.0952873746218755,bmi_w1,-0.0013643924196543567,0.0029961765660854733,-0.4553778422467757,0.6488374332813538,0.649,0.9986365379405094,0.9927892248054931,1.004518290481237
death_w2_w4,svycox_death_raw_pef_sensitivity,public_county_community,survey_HR,12569,1198,0.0953138674516668,pef_per_100_l_min,-0.2597390483021206,0.043185687363240674,-6.014470630452636,1.8047548222826237e-9,<0.001,0.7712528192790009,0.708657463424281,0.8393771913041654
death_w2_w4,svycox_death_raw_pef_sensitivity,public_county_community,survey_HR,12569,1198,0.0953138674516668,age_decade,0.8391434204341817,0.056877450173242895,14.753534447803771,2.919649587456124e-49,<0.001,2.314383673711553,2.0702380860828855,2.587321634719521
death_w2_w4,svycox_death_raw_pef_sensitivity,public_county_community,survey_HR,12569,1198,0.0953138674516668,sexmale,0.7274645926298722,0.1826745692440207,3.9822981142936706,6.82520941766707e-5,<0.001,2.069826096985173,1.4468986980086231,2.960939890026318
death_w2_w4,svycox_death_raw_pef_sensitivity,public_county_community,survey_HR,12569,1198,0.0953138674516668,smoke_everyes,0.31497852873095517,0.13645825707473513,2.308240889801549,0.020985742069981793,0.021,1.3702298900665228,1.0486675359031543,1.7903957997657585
death_w2_w4,svycox_death_raw_pef_sensitivity,public_county_community,survey_HR,12569,1198,0.0953138674516668,bmi_w1,-0.004911585059497636,0.007009889409421965,-0.7006651278829013,0.48351202356422834,0.484,0.9951004570510504,0.9815218847138094,1.0088668781052577
death_w2_w4,svycox_death_raw_pef_sensitivity,public_county_community,survey_HR,12569,1198,0.0953138674516668,height_m_w1,-1.6840185849366605,0.7834835141423756,-2.149398876350369,0.03160279444973832,0.032,0.18562651925189727,0.03996919395724695,0.8620940589002656
incident_chronic_lung_disease,svyglm_discrete_time,public_county_community,survey_OR,30685,1330,0.043343653250773995,(Intercept),-5.706573865994886,0.5597101613755843,-10.19558739467941,2.074864326230658e-24,<0.001,0.0033240416699054057,0.0011097663489120348,0.009956377785377715
incident_chronic_lung_disease,svyglm_discrete_time,public_county_community,survey_OR,30685,1330,0.043343653250773995,resp_vulnerability_z,0.23234697054674647,0.05312395993784915,4.373675660070788,1.2217185236293464e-5,<0.001,1.2615573761511285,1.136807629394846,1.399996773568923
incident_chronic_lung_disease,svyglm_discrete_time,public_county_community,survey_OR,30685,1330,0.043343653250773995,age_decade,0.2641928715497134,0.04362488621586953,6.0560128510686475,1.3953685950971432e-9,<0.001,1.3023793640048138,1.19564775697072,1.4186385562944028
incident_chronic_lung_disease,svyglm_discrete_time,public_county_community,survey_OR,30685,1330,0.043343653250773995,sexmale,0.02777623508489103,0.10359897054577608,0.2681130414574715,0.7886123075957476,0.789,1.0281655912927468,0.8392238963212311,1.2596453553721574
incident_chronic_lung_disease,svyglm_discrete_time,public_county_community,survey_OR,30685,1330,0.043343653250773995,smoke_everyes,0.504360435571866,0.10314883950539418,4.889637517884925,1.0102182873619103e-6,<0.001,1.655926110280676,1.3528164928145765,2.0269499206091757
incident_chronic_lung_disease,svyglm_discrete_time,public_county_community,survey_OR,30685,1330,0.043343653250773995,bmi_w1,-0.020678506220591412,0.019140854541300052,-1.0803334916930476,0.2799937007363687,0.280,0.9795338279858504,0.9434663488346758,1.0169801194856873
incident_chronic_lung_disease,svyglm_discrete_time,public_county_community,survey_OR,30685,1330,0.043343653250773995,factor(interval)2,1.2723226455167023,0.1380973073164565,9.21323283010229,3.164476454341488e-20,<0.001,3.5691327728696023,2.7227759321466345,4.678574024388657
incident_chronic_lung_disease,svyglm_discrete_time,public_county_community,survey_OR,30685,1330,0.043343653250773995,factor(interval)3,1.8458662019460779,0.13348916285502813,13.827835627006854,1.7315236559068147e-43,<0.001,6.333583577446119,4.875523302299197,8.227687254325726
incident_chronic_lung_disease,svyglm_discrete_time_plus_frailty,public_county_community,survey_OR,30675,1329,0.04332518337408313,(Intercept),-5.617012595414327,0.5526244882188135,-10.164248445664702,2.8632160049557123e-24,<0.001,0.0036354855687653763,0.0012307191664098893,0.010739050533563796
incident_chronic_lung_disease,svyglm_discrete_time_plus_frailty,public_county_community,survey_OR,30675,1329,0.04332518337408313,resp_vulnerability_z,0.19427901448354898,0.055870222197928976,3.4773266838869064,5.064403513417688e-4,<0.001,1.214435080666137,1.0884703684760284,1.354977230310379
incident_chronic_lung_disease,svyglm_discrete_time_plus_frailty,public_county_community,survey_OR,30675,1329,0.04332518337408313,frailty_proxy_count_w1,0.2237526039467881,0.03551376014126815,6.300448137756617,2.967863050623765e-10,<0.001,1.250761547678491,1.166660779964603,1.340924865236799
incident_chronic_lung_disease,svyglm_discrete_time_plus_frailty,public_county_community,survey_OR,30675,1329,0.04332518337408313,age_decade,0.19227824419886597,0.04654103305981528,4.131370353377135,3.6060705270177115e-5,<0.001,1.2120077041651989,1.1063406078661084,1.3277671130494857
incident_chronic_lung_disease,svyglm_discrete_time_plus_frailty,public_county_community,survey_OR,30675,1329,0.04332518337408313,sexmale,0.11807315683040351,0.10718070289266497,1.1016270060166211,0.27062386257709253,0.271,1.1253264336711428,0.9121042184328564,1.3883935154853522
incident_chronic_lung_disease,svyglm_discrete_time_plus_frailty,public_county_community,survey_OR,30675,1329,0.04332518337408313,smoke_everyes,0.4902851789769926,0.10440165931927875,4.69614354957342,2.6511925636319835e-6,<0.001,1.632781788607155,1.3306372019478718,2.0035336193100215
incident_chronic_lung_disease,svyglm_discrete_time_plus_frailty,public_county_community,survey_OR,30675,1329,0.04332518337408313,bmi_w1,-0.016768628875892283,0.018809337042450414,-0.8915055771528525,0.37265800088453627,0.373,0.9833711820115301,0.9477780491773351,1.0203009897202404
incident_chronic_lung_disease,svyglm_discrete_time_plus_frailty,public_county_community,survey_OR,30675,1329,0.04332518337408313,factor(interval)2,1.277078132299291,0.13952683993083811,9.152920921396372,5.541454460654565e-20,<0.001,3.5861461579976996,2.7281003542001163,4.714065685568362
incident_chronic_lung_disease,svyglm_discrete_time_plus_frailty,public_county_community,survey_OR,30675,1329,0.04332518337408313,factor(interval)3,1.8608061470280823,0.1349362397765525,13.79026234990305,2.9169719438093272e-43,<0.001,6.428917335604252,4.934893623177758,8.375252085255358
incident_asthma,svyglm_discrete_time,public_county_community,survey_OR,32865,462,0.014057507987220448,(Intercept),-8.062114769344891,0.562150467931921,-14.341560185842004,1.2031977765655192e-46,<0.001,3.1525939893247324e-4,1.0475045175321634e-4,9.488120285095814e-4
incident_asthma,svyglm_discrete_time,public_county_community,survey_OR,32865,462,0.014057507987220448,resp_vulnerability_z,0.22300799691471518,0.13513197825893966,1.6502977295824652,0.09888205643651285,0.099,1.2498305684844848,0.9590129692449261,1.628837669576193
incident_asthma,svyglm_discrete_time,public_county_community,survey_OR,32865,462,0.014057507987220448,age_decade,0.4233963677763289,0.07359719119000835,5.752887588919422,8.773182525442698e-9,<0.001,1.5271394849016116,1.322000173994272,1.764110967776366
incident_asthma,svyglm_discrete_time,public_county_community,survey_OR,32865,462,0.014057507987220448,sexmale,-0.19208620279248936,0.18417175774338937,-1.042973174313335,0.296960717106838,0.297,0.8252357278012649,0.5751854042584247,1.1839904166513082
incident_asthma,svyglm_discrete_time,public_county_community,survey_OR,32865,462,0.014057507987220448,smoke_everyes,0.756563375246545,0.19627886800896904,3.854533006640193,1.1595074057533448e-4,<0.001,2.1309403799931927,1.4504252567464686,3.1307417476109722
incident_asthma,svyglm_discrete_time,public_county_community,survey_OR,32865,462,0.014057507987220448,bmi_w1,-6.106332179987023e-4,0.001406976716006462,-0.43400378346836677,0.6642856936087786,0.664,0.9993895531805225,0.996637358802783,1.0021493476886663
incident_asthma,svyglm_discrete_time,public_county_community,survey_OR,32865,462,0.014057507987220448,factor(interval)2,1.2438428676046038,0.5104798566331343,2.436614983808292,0.014825455187878632,0.015,3.4689184781292437,1.2754541976224012,9.434596264090231
incident_asthma,svyglm_discrete_time,public_county_community,survey_OR,32865,462,0.014057507987220448,factor(interval)3,1.4410234024472788,0.5046563001969174,2.8554550926739446,0.0042975199920835955,0.004,4.225017498457384,1.5712901823084462,11.360583209427173
incident_asthma,svyglm_discrete_time_plus_frailty,public_county_community,survey_OR,32849,461,0.014033912752290784,(Intercept),-7.981998670498181,0.5618765336013933,-14.205965533632295,8.413498116086763e-46,<0.001,3.415560817918934e-4,1.1354893411748824e-4,0.0010274033650401583
incident_asthma,svyglm_discrete_time_plus_frailty,public_county_community,survey_OR,32849,461,0.014033912752290784,resp_vulnerability_z,0.20695065152438208,0.1339584939310756,1.5448863707803588,0.12237375068173419,0.122,1.2299218755134451,0.9459098631233359,1.5992092680708951
incident_asthma,svyglm_discrete_time_plus_frailty,public_county_community,survey_OR,32849,461,0.014033912752290784,frailty_proxy_count_w1,0.09940768320016642,0.07510991076238516,1.3234962229505074,0.18567041153376532,0.186,1.1045165006045479,0.9533170523906259,1.2796967148006428
incident_asthma,svyglm_discrete_time_plus_frailty,public_county_community,survey_OR,32849,461,0.014033912752290784,age_decade,0.3926634793863224,0.0844153090700346,4.651567158991881,3.2942195490548465e-6,<0.001,1.4809199453768103,1.2550927492138495,1.7473799334659197
incident_asthma,svyglm_discrete_time_plus_frailty,public_county_community,survey_OR,32849,461,0.014033912752290784,sexmale,-0.13797855159080805,0.18946837678344633,-0.7282405324478565,0.4664663580454293,0.466,0.8711173756273546,0.6008940977223229,1.2628606022197224
incident_asthma,svyglm_discrete_time_plus_frailty,public_county_community,survey_OR,32849,461,0.014033912752290784,smoke_everyes,0.7312877606305055,0.195327246681531,3.7439106579064463,1.8117809874099232e-4,<0.001,2.077754536106172,1.416864536211385,3.0469136618052115
incident_asthma,svyglm_discrete_time_plus_frailty,public_county_community,survey_OR,32849,461,0.014033912752290784,bmi_w1,-4.921169866111541e-4,0.0013335844160990427,-0.3690182493663795,0.7121141222522984,0.712,0.9995080040830921,0.9968988760071621,1.002123960885065
incident_asthma,svyglm_discrete_time_plus_frailty,public_county_community,survey_OR,32849,461,0.014033912752290784,factor(interval)2,1.2424333870680102,0.5103826074675171,2.4343176450170945,0.014919895529752395,0.015,3.4640325491710553,1.2739005290483247,9.419512142506791
incident_asthma,svyglm_discrete_time_plus_frailty,public_county_community,survey_OR,32849,461,0.014033912752290784,factor(interval)3,1.4366638424526468,0.5061703326861254,2.8383011600632813,0.004535436773182544,0.005,4.206638372754166,1.5598193143018697,11.34477964010078
